Source	Line	Reference	PreliminaryClass
Cartomancia Sistêmica\LP_BLUEPRINT.md	1180	index v1.0.html	CANDIDATO_ACIONAVEL
Cartomancia Sistêmica\LP_COPY.md	701	index v1.0.html	CANDIDATO_ACIONAVEL
Criativos & Conteúdos [planejamento] Opus 4.7\● Write(CRIATIVOS15_NAMING_CONVENTI.md	82	17_MAPA_DE_ASSETS.md	EXEMPLO_OU_HISTORICO
CRIATIVOS\11_PIPELINE_PRODUCAO.md	150	CR-003_v1_EXPORT_20260524.jpg	EXEMPLO_OU_HISTORICO
CRIATIVOS\11_PIPELINE_PRODUCAO.md	154	CR-004_v1_s01_EXPORT_20260524.jpg	EXEMPLO_OU_HISTORICO
CRIATIVOS\11_PIPELINE_PRODUCAO.md	154	CR-004_v1_s07_EXPORT_20260524.jpg	EXEMPLO_OU_HISTORICO
CRIATIVOS\15_NAMING_CONVENTION.md	208	2026-05-24.md	EXEMPLO_OU_HISTORICO
CRIATIVOS\15_NAMING_CONVENTION.md	209	SEMANA-2026-05-24.md	EXEMPLO_OU_HISTORICO
CRIATIVOS\15_NAMING_CONVENTION.md	210	CHECKPOINT_PIPELINE_FASE1_20260524.md	EXEMPLO_OU_HISTORICO
CRIATIVOS\15_NAMING_CONVENTION.md	211	BRIEFING_CR-001_v1.md	EXEMPLO_OU_HISTORICO
ESTEIRA_JORNADA_CONSTELACAO\STATUS_E_DECISOES.md	30	NOTAS.md	REFERENCIA_ATIVA_AMBIGUA
meta-ads\checkpoints\CHECKPOINT_PIPELINE_FASE3A_20260524.md	106	11_PIPELINE_PRODUCAO.md	EXEMPLO_OU_HISTORICO
meta-ads\checkpoints\CHECKPOINT_PIPELINE_FASE3A_20260524.md	108	12_CHECKLIST_QUALIDADE.md	EXEMPLO_OU_HISTORICO
meta-ads\checkpoints\CHECKPOINT_PIPELINE_FASE3A_20260524.md	109	16_PROCESSO_TESTES.md	EXEMPLO_OU_HISTORICO
meta-ads\checkpoints\CHECKPOINT_PIPELINE_FASE3A_20260524.md	112	17_MAPA_DE_ASSETS.md	EXEMPLO_OU_HISTORICO
meta-ads\checkpoints\CHECKPOINT_PIPELINE_FASE3B_20260524.md	113	11_PIPELINE_PRODUCAO.md	EXEMPLO_OU_HISTORICO
meta-ads\checkpoints\CHECKPOINT_PIPELINE_FASE3B_20260524.md	115	14_PADRAO_VISUAL.md	EXEMPLO_OU_HISTORICO
meta-ads\checkpoints\CHECKPOINT_PIPELINE_FASE3B_20260524.md	116	12_CHECKLIST_QUALIDADE.md	EXEMPLO_OU_HISTORICO
meta-ads\checkpoints\CHECKPOINT_PIPELINE_FASE3B_20260524.md	118	17_MAPA_DE_ASSETS.md	EXEMPLO_OU_HISTORICO
meta-ads\checkpoints\CHECKPOINT_PIPELINE_FASE3B_20260524.md	120	16_PROCESSO_TESTES.md	EXEMPLO_OU_HISTORICO
meta-ads\checkpoints\CHECKPOINT_PIPELINE_FASE3B_20260524.md	124	CR-003_v1_EXPORT_20260524.jpg	EXEMPLO_OU_HISTORICO
meta-ads\planejamento\CAMPANHA_NOVA_WHATSAPP_20260603.md	42	procura-se consteladores familiares 01 -- story.jpeg	REVISAR
meta-ads\planejamento\CAMPANHA_NOVA_WHATSAPP_20260603.md	60	procura-se consteladores familiares 02.jpeg	REVISAR
Páginas de vendas\PLANEJAMENTO_OTIMIZACAO_LP_CS.md	56	/wp-content/uploads/2026/05/Foto-Guilherme-LP.jpeg	CAMINHO_RUNTIME_EXTERNO
